{"uncertainty":{"p_false_fixed_UNANSWERABLE":{"accuracy_at_0.8_answer_fraction":{"bootstrap":{"low":NaN,"high":NaN,"std_err":0},"mean":1},"accuracy_at_0.9_answer_fraction":{"bootstrap":{"std_err":0,"low":NaN,"high":NaN},"mean":1},"accuracy_at_0.95_answer_fraction":{"mean":1,"bootstrap":{"low":NaN,"high":NaN,"std_err":0}},"accuracy_at_1.0_answer_fraction":{"mean":1,"bootstrap":{"low":NaN,"high":NaN,"std_err":0}},"AUROC":{"mean":NaN,"bootstrap":{"std_err":NaN,"low":NaN,"high":NaN}},"area_under_thresholded_accuracy":{"mean":0.9473684210526319,"bootstrap":{"high":0.9473684210526319,"std_err":0,"low":0.9473684210526319}},"mean_uncertainty":{"mean":0.3067619203144908,"bootstrap":{"std_err":0.016287004390872363,"low":0.28132544597703024,"high":0.33311697096194015}}},"recalibrated_semantic_entropy":{"accuracy_at_0.95_answer_fraction":{"mean":0.6025,"bootstrap":{"high":0.64,"std_err":0.023469725643299962,"low":0.5625}},"accuracy_at_1.0_answer_fraction":{"mean":0.6025,"bootstrap":{"high":0.6425,"std_err":0.024335239831315567,"low":0.565}},"AUROC":{"bootstrap":{"high":0.7956020778523603,"std_err":0.02386339540801847,"low":0.7182396496821676},"mean":0.7558521882095044},"area_under_thresholded_accuracy":{"mean":0.6906915962378334,"bootstrap":{"high":0.7263610019860193,"std_err":0.024554052914154995,"low":0.6470899059500252}},"mean_uncertainty":{"mean":0.3828590682508431,"bootstrap":{"high":0.4326836278150374,"std_err":0.030911671927662858,"low":0.3343219547519672}},"accuracy_at_0.8_answer_fraction":{"mean":0.6025,"bootstrap":{"std_err":0.026277341768572465,"low":0.5575,"high":0.64}},"accuracy_at_0.9_answer_fraction":{"bootstrap":{"high":0.64,"std_err":0.023843053179803442,"low":0.5625},"mean":0.6025}},"semantic_entropy_UNANSWERABLE":{"area_under_thresholded_accuracy":{"mean":0.9473684210526319,"bootstrap":{"low":0.9473684210526319,"high":0.9473684210526319,"std_err":0}},"mean_uncertainty":{"mean":0.40439695674734355,"bootstrap":{"high":0.45333896779462457,"std_err":0.028690062040600737,"low":0.36108803531365025}},"accuracy_at_0.8_answer_fraction":{"mean":1,"bootstrap":{"low":NaN,"high":NaN,"std_err":0}},"accuracy_at_0.9_answer_fraction":{"bootstrap":{"low":NaN,"high":NaN,"std_err":0},"mean":1},"accuracy_at_0.95_answer_fraction":{"mean":1,"bootstrap":{"high":NaN,"std_err":0,"low":NaN}},"accuracy_at_1.0_answer_fraction":{"bootstrap":{"low":NaN,"high":NaN,"std_err":0},"mean":1},"AUROC":{"mean":NaN,"bootstrap":{"std_err":NaN,"low":NaN,"high":NaN}}},"semantic_entropy":{"accuracy_at_1.0_answer_fraction":{"mean":0.6025,"bootstrap":{"high":0.64,"std_err":0.02379155273898137,"low":0.56}},"AUROC":{"mean":0.78153135520238,"bootstrap":{"low":0.7403146240882758,"high":0.8195490587175104,"std_err":0.023935540950477344}},"area_under_thresholded_accuracy":{"bootstrap":{"std_err":0.023656040363532225,"low":0.6861265695188213,"high":0.7632655473821731},"mean":0.7265732012476382},"mean_uncertainty":{"mean":0.40439695674734355,"bootstrap":{"std_err":0.027249811711711962,"low":0.3605609491280392,"high":0.4490543771922196}},"accuracy_at_0.8_answer_fraction":{"mean":0.6875,"bootstrap":{"low":0.6375,"high":0.7289719626168224,"std_err":0.028029211378875842}},"accuracy_at_0.9_answer_fraction":{"bootstrap":{"high":0.6972222222222222,"std_err":0.026023372826060733,"low":0.6111111111111112},"mean":0.6555555555555556},"accuracy_at_0.95_answer_fraction":{"mean":0.6263157894736842,"bootstrap":{"low":0.5853018372703412,"high":0.6684210526315789,"std_err":0.0250872264468854}}},"p_ik":{"area_under_thresholded_accuracy":{"mean":0.6437046334511513,"bootstrap":{"low":0.5907606361873906,"high":0.683155287041382,"std_err":0.02851680620570816}},"mean_uncertainty":{"mean":0.2707995329399656,"bootstrap":{"high":0.3021560794410516,"std_err":0.018546904655664553,"low":0.2419692905526543}},"accuracy_at_0.8_answer_fraction":{"mean":0.65625,"bootstrap":{"high":0.6994061541228003,"std_err":0.028108884002905968,"low":0.6083878916364125}},"accuracy_at_0.9_answer_fraction":{"mean":0.6222222222222222,"bootstrap":{"high":0.6611111111111111,"std_err":0.025904774250039588,"low":0.5777777777777777}},"accuracy_at_0.95_answer_fraction":{"mean":0.6210526315789474,"bootstrap":{"high":0.6631578947368421,"std_err":0.02451941225498091,"low":0.5842105263157895}},"accuracy_at_1.0_answer_fraction":{"mean":0.6025,"bootstrap":{"high":0.6427740135335613,"std_err":0.024493752650807082,"low":0.5625}},"AUROC":{"mean":0.6298702993293144,"bootstrap":{"std_err":0.028764028926515448,"low":0.5762944664429812,"high":0.6722071948344092}}},"p_false":{"AUROC":{"bootstrap":{"high":0.7205627003834756,"std_err":0.028071706467312663,"low":0.6264089613749522},"mean":0.676296354288995},"area_under_thresholded_accuracy":{"mean":0.6761462700533021,"bootstrap":{"high":0.7141423010125231,"std_err":0.026136469662051017,"low":0.6282810398655287}},"mean_uncertainty":{"mean":1.6288177576066665,"bootstrap":{"std_err":0.048228210240964055,"low":1.558094717655468,"high":1.7158828531325412}},"accuracy_at_0.8_answer_fraction":{"bootstrap":{"low":0.6151949429901782,"high":0.7018078820998255,"std_err":0.02668751739732558},"mean":0.659375},"accuracy_at_0.9_answer_fraction":{"mean":0.6388888888888888,"bootstrap":{"high":0.6805555555555556,"std_err":0.025858639295637094,"low":0.5980348433267899}},"accuracy_at_0.95_answer_fraction":{"mean":0.618421052631579,"bootstrap":{"std_err":0.024838830201122215,"low":0.5789473684210527,"high":0.6621176967293918}},"accuracy_at_1.0_answer_fraction":{"mean":0.6025,"bootstrap":{"std_err":0.02401180265341748,"low":0.56,"high":0.64}}},"p_ik_UNANSWERABLE":{"area_under_thresholded_accuracy":{"mean":0.9473684210526319,"bootstrap":{"high":0.9473684210526319,"std_err":0,"low":0.9473684210526319}},"mean_uncertainty":{"bootstrap":{"high":0.30189998329163276,"std_err":0.0177049556484964,"low":0.24362265501516442},"mean":0.2707995329399656},"accuracy_at_0.8_answer_fraction":{"mean":1,"bootstrap":{"low":NaN,"high":NaN,"std_err":0}},"accuracy_at_0.9_answer_fraction":{"bootstrap":{"std_err":0,"low":NaN,"high":NaN},"mean":1},"accuracy_at_0.95_answer_fraction":{"mean":1,"bootstrap":{"std_err":0,"low":NaN,"high":NaN}},"accuracy_at_1.0_answer_fraction":{"mean":1,"bootstrap":{"std_err":0,"low":NaN,"high":NaN}},"AUROC":{"bootstrap":{"std_err":NaN,"low":NaN,"high":NaN},"mean":NaN}},"regular_entropy_UNANSWERABLE":{"accuracy_at_0.95_answer_fraction":{"bootstrap":{"low":NaN,"high":NaN,"std_err":0},"mean":1},"accuracy_at_1.0_answer_fraction":{"bootstrap":{"high":NaN,"std_err":0,"low":NaN},"mean":1},"AUROC":{"mean":NaN,"bootstrap":{"std_err":NaN,"low":NaN,"high":NaN}},"area_under_thresholded_accuracy":{"bootstrap":{"high":0.9473684210526319,"std_err":0,"low":0.9473684210526319},"mean":0.9473684210526319},"mean_uncertainty":{"mean":0.4199021439044198,"bootstrap":{"std_err":0.021945515548819933,"low":0.3853920704527588,"high":0.4606017416081932}},"accuracy_at_0.8_answer_fraction":{"bootstrap":{"std_err":0,"low":NaN,"high":NaN},"mean":1},"accuracy_at_0.9_answer_fraction":{"bootstrap":{"std_err":0,"low":NaN,"high":NaN},"mean":1}},"p_false_fixed":{"accuracy_at_1.0_answer_fraction":{"mean":0.6025,"bootstrap":{"std_err":0.02494733140727369,"low":0.56,"high":0.6425}},"AUROC":{"mean":0.676296354288995,"bootstrap":{"std_err":0.028206162788606538,"low":0.6322822931035422,"high":0.7264770962625162}},"area_under_thresholded_accuracy":{"mean":0.6761462700533021,"bootstrap":{"low":0.6319525150110878,"high":0.7204529104538739,"std_err":0.026698415052537186}},"mean_uncertainty":{"bootstrap":{"std_err":0.01620777072134345,"low":0.2819363046293963,"high":0.3350800652492392},"mean":0.3067619203144908},"accuracy_at_0.8_answer_fraction":{"mean":0.659375,"bootstrap":{"high":0.7058823529411765,"std_err":0.027768667020891265,"low":0.6137071651090342}},"accuracy_at_0.9_answer_fraction":{"mean":0.6388888888888888,"bootstrap":{"high":0.6795580110497238,"std_err":0.02608495199498511,"low":0.592797783933518}},