{"converged":true,"performance":{"accuracy":{"bootstrap":{"high":0.645,"std_err":0.025154114439256716,"low":0.5642229200282554},"mean":0.605}},"auroc_p_ik_train_test":0.5947293447293447,"_step":4,"acc_p_ik_train_test":0.7,"acc_p_ik_train_train":1,"train_accuracy":0.6475,"auroc_p_ik_eval":0.6464326812428078,"n_iter":31,"_wandb":{"runtime":3087},"uncertainty":{"regular_entropy_UNANSWERABLE":{"accuracy_at_0.95_answer_fraction":{"bootstrap":{"low":NaN,"high":NaN,"std_err":0},"mean":1},"accuracy_at_1.0_answer_fraction":{"mean":1,"bootstrap":{"std_err":0,"low":NaN,"high":NaN}},"AUROC":{"mean":NaN,"bootstrap":{"std_err":NaN,"low":NaN,"high":NaN}},"area_under_thresholded_accuracy":{"mean":0.9473684210526319,"bootstrap":{"std_err":0,"low":0.9473684210526319,"high":0.9473684210526319}},"mean_uncertainty":{"mean":0.42603228848501784,"bootstrap":{"std_err":0.022295612759945804,"low":0.39284222224444626,"high":0.46887676649583854}},"accuracy_at_0.8_answer_fraction":{"mean":1,"bootstrap":{"std_err":0,"low":NaN,"high":NaN}},"accuracy_at_0.9_answer_fraction":{"mean":1,"bootstrap":{"low":NaN,"high":NaN,"std_err":0}}},"p_false_fixed":{"accuracy_at_0.95_answer_fraction":{"bootstrap":{"low":0.5853670439713395,"high":0.6727748691099477,"std_err":0.025710005636033886},"mean":0.6289473684210526},"accuracy_at_1.0_answer_fraction":{"bootstrap":{"std_err":0.024784928740924243,"low":0.5625,"high":0.645},"mean":0.605},"AUROC":{"bootstrap":{"std_err":0.027766623347259756,"low":0.6368763742094701,"high":0.7301895676675473},"mean":0.6841981378805315},"area_under_thresholded_accuracy":{"bootstrap":{"low":0.6405542687001587,"high":0.7289387223193778,"std_err":0.026050160701118166},"mean":0.6829703434412989},"mean_uncertainty":{"bootstrap":{"low":0.2467251255907577,"high":0.2945748884654654,"std_err":0.014944326204931031},"mean":0.26864675226580714},"accuracy_at_0.8_answer_fraction":{"mean":0.66875,"bootstrap":{"low":0.621875,"high":0.715625,"std_err":0.0279656338285082}},"accuracy_at_0.9_answer_fraction":{"mean":0.65,"bootstrap":{"low":0.6051480605807179,"high":0.6888888888888889,"std_err":0.026127557445093583}}},"recalibrated_semantic_entropy":{"area_under_thresholded_accuracy":{"mean":0.68884283581581,"bootstrap":{"low":0.6447852679946967,"high":0.7295071401885536,"std_err":0.02504551684724935}},"mean_uncertainty":{"bootstrap":{"high":0.40435628750390856,"std_err":0.02488214946887503,"low":0.3228614685980892},"mean":0.36160778721131465},"accuracy_at_0.8_answer_fraction":{"mean":0.6899696048632219,"bootstrap":{"std_err":0.02786290554171296,"low":0.6412247928845592,"high":0.7331309646647812}},"accuracy_at_0.9_answer_fraction":{"mean":0.6520547945205479,"bootstrap":{"low":0.5917829779191193,"high":0.6981132529427453,"std_err":0.03279914131553848}},"accuracy_at_0.95_answer_fraction":{"bootstrap":{"low":0.5664160401002506,"high":0.6432160804020101,"std_err":0.02358361054856467},"mean":0.606516290726817},"accuracy_at_1.0_answer_fraction":{"bootstrap":{"low":0.5625,"high":0.6425,"std_err":0.024537631081444865},"mean":0.605},"AUROC":{"bootstrap":{"low":0.6934866038894963,"high":0.772839994308345,"std_err":0.02353422517660804},"mean":0.7340333716915998}},"semantic_entropy":{"mean_uncertainty":{"bootstrap":{"std_err":0.028348778944378816,"low":0.3693779159372791,"high":0.4613763280969653},"mean":0.41183347010385035},"accuracy_at_0.8_answer_fraction":{"bootstrap":{"low":0.6614906832298136,"high":0.7538940809968847,"std_err":0.028168434369524067},"mean":0.703125},"accuracy_at_0.9_answer_fraction":{"bootstrap":{"high":0.7008310249307479,"std_err":0.02583115655072727,"low":0.6144193428769247},"mean":0.6583333333333333},"accuracy_at_0.95_answer_fraction":{"mean":0.6342105263157894,"bootstrap":{"low":0.5935232012836602,"high":0.6763157894736842,"std_err":0.0253471628745696}},"accuracy_at_1.0_answer_fraction":{"bootstrap":{"low":0.565,"high":0.6425,"std_err":0.02365148169431117},"mean":0.605},"AUROC":{"mean":0.7853462705303902,"bootstrap":{"high":0.8241988250071185,"std_err":0.02343391130468341,"low":0.746370447951793}},"area_under_thresholded_accuracy":{"mean":0.7290248415981071,"bootstrap":{"low":0.6890288783014518,"high":0.7658672291964725,"std_err":0.02352484242832156}}},"recalibrated_semantic_entropy_UNANSWERABLE":{"area_under_thresholded_accuracy":{"mean":0.9473684210526319,"bootstrap":{"std_err":0,"low":0.9473684210526319,"high":0.9473684210526319}},"mean_uncertainty":{"mean":0.36160778721131465,"bootstrap":{"std_err":0.02605850049232023,"low":0.31790464627836545,"high":0.40592667042757324}},"accuracy_at_0.8_answer_fraction":{"mean":1,"bootstrap":{"std_err":0,"low":NaN,"high":NaN}},"accuracy_at_0.9_answer_fraction":{"mean":1,"bootstrap":{"std_err":0,"low":NaN,"high":NaN}},"accuracy_at_0.95_answer_fraction":{"mean":1,"bootstrap":{"low":NaN,"high":NaN,"std_err":0}},"accuracy_at_1.0_answer_fraction":{"mean":1,"bootstrap":{"high":NaN,"std_err":0,"low":NaN}},"AUROC":{"bootstrap":{"high":NaN,"std_err":NaN,"low":NaN},"mean":NaN}},"cluster_assignment_entropy":{"area_under_thresholded_accuracy":{"bootstrap":{"high":0.7521611494644531,"std_err":0.023422271558867152,"low":0.6778615235367451},"mean":0.7166748043523377},"mean_uncertainty":{"mean":0.48487456223664255,"bootstrap":{"low":0.43377327250456515,"high":0.5432951270426052,"std_err":0.033607718800164055}},"accuracy_at_0.8_answer_fraction":{"mean":0.7,"bootstrap":{"std_err":0.029389116390479437,"low":0.6546399887129296,"high":0.7508862289657717}},"accuracy_at_0.9_answer_fraction":{"bootstrap":{"std_err":0.025911387671085744,"low":0.6055290966532755,"high":0.6897506925207756},"mean":0.6527777777777778},"accuracy_at_0.95_answer_fraction":{"mean":0.6342105263157894,"bootstrap":{"low":0.5940923191129922,"high":0.6758630140485259,"std_err":0.02591014108474834}},"accuracy_at_1.0_answer_fraction":{"mean":0.605,"bootstrap":{"std_err":0.02513776655367989,"low":0.5625,"high":0.6425}},"AUROC":{"bootstrap":{"low":0.7320296650511667,"high":0.8076005820606575,"std_err":0.02334528739482661},"mean":0.7722565121874674}},"p_false":{"AUROC":{"mean":0.6841981378805315,"bootstrap":{"high":0.7275912035838941,"std_err":0.028042437899922563,"low":0.6370338528184493}},"area_under_thresholded_accuracy":{"bootstrap":{"low":0.6365414967740888,"high":0.7195871313396249,"std_err":0.025477504162734796},"mean":0.6829703434412989},"mean_uncertainty":{"bootstrap":{"std_err":0.04398885745695642,"low":1.4612727449719887,"high":1.6103258805476715},"mean":1.5255383179994533},"accuracy_at_0.8_answer_fraction":{"bootstrap":{"low":0.6261682242990654,"high":0.715625,"std_err":0.02676702324330688},"mean":0.66875},"accuracy_at_0.9_answer_fraction":{"mean":0.65,"bootstrap":{"std_err":0.025338673765892942,"low":0.6083333333333333,"high":0.6898041852576611}},"accuracy_at_0.95_answer_fraction":{"mean":0.6289473684210526,"bootstrap":{"std_err":0.024954701752784587,"low":0.5868421052631579,"high":0.6710526315789473}},"accuracy_at_1.0_answer_fraction":{"mean":0.605,"bootstrap":{"low":0.565,"high":0.645,"std_err":0.023951517048381693}}},"p_ik":{"mean_uncertainty":{"bootstrap":{"high":0.3102294949865622,"std_err":0.018276615575596834,"low":0.2513818692425088},"mean":0.2803347953268115},"accuracy_at_0.8_answer_fraction":{"mean":0.6625,"bootstrap":{"std_err":0.027765427102280926,"low":0.6199376947040498,"high":0.709375}},"accuracy_at_0.9_answer_fraction":{"bootstrap":{"std_err":0.025879219916243857,"low":0.5805555555555556,"high":0.6638888888888889},"mean":0.625},"accuracy_at_0.95_answer_fraction":{"bootstrap":{"low":0.5868421052631579,"high":0.6640774155218271,"std_err":0.02443885750081116},"mean":0.6236842105263158},"accuracy_at_1.0_answer_fraction":{"mean":0.605,"bootstrap":{"high":0.645,"std_err":0.02435638986954917,"low":0.565}},"AUROC":{"mean":0.6464326812428078,"bootstrap":{"low":0.5914561265975725,"high":0.6880608777585205,"std_err":0.028322327567732872}},"area_under_thresholded_accuracy":{"mean":0.6637198811212804,"bootstrap":{"std_err":0.027271879945730465,"low":0.6158178383741775,