{"auroc_p_ik_train_test":0.6308144879573452,"converged":true,"_step":4,"acc_p_ik_train_train":1,"acc_p_ik_train_test":0.64375,"validation_accuracy":0.5925,"performance":{"accuracy":{"mean":0.5925,"bootstrap":{"high":0.62,"std_err":0.01715013120760124,"low":0.56259530815019}}},"auroc_p_ik_train_train":1,"uncertainty":{"regular_entropy":{"AUROC":{"bootstrap":{"high":0.7607216233294812,"std_err":0.019388535915559914,"low":0.6954064122049456},"mean":0.7289709041961119},"area_under_thresholded_accuracy":{"mean":0.6818364674141028,"bootstrap":{"low":0.6496549594874862,"high":0.7108615954784145,"std_err":0.018530894430717534}},"mean_uncertainty":{"bootstrap":{"low":0.4110267413109365,"high":0.4607080311054769,"std_err":0.015017604403045883},"mean":0.4348557003115998},"accuracy_at_0.8_answer_fraction":{"mean":0.6953125,"bootstrap":{"high":0.728125,"std_err":0.019546597381195262,"low":0.6627294771165212}},"accuracy_at_0.9_answer_fraction":{"bootstrap":{"std_err":0.018502760306204062,"low":0.6182016262998253,"high":0.678218610701251},"mean":0.6472222222222223},"accuracy_at_0.95_answer_fraction":{"bootstrap":{"std_err":0.0180470387609777,"low":0.5894736842105263,"high":0.6473684210526316},"mean":0.618421052631579},"accuracy_at_1.0_answer_fraction":{"bootstrap":{"std_err":0.017393476558088573,"low":0.56625,"high":0.6225},"mean":0.5925}},"cluster_assignment_entropy":{"accuracy_at_0.9_answer_fraction":{"mean":0.6444444444444445,"bootstrap":{"low":0.6112522946899602,"high":0.6715522740140467,"std_err":0.018879265406891464}},"accuracy_at_0.95_answer_fraction":{"mean":0.6210526315789474,"bootstrap":{"high":0.6526315789473685,"std_err":0.018436162408691937,"low":0.5921052631578947}},"accuracy_at_1.0_answer_fraction":{"mean":0.5925,"bootstrap":{"std_err":0.016900776202181847,"low":0.56375,"high":0.62}},"AUROC":{"bootstrap":{"high":0.7967838455842982,"std_err":0.01685114426771986,"low":0.7417465890121009},"mean":0.770747586135487},"area_under_thresholded_accuracy":{"mean":0.7068512133297912,"bootstrap":{"low":0.6772083429695895,"high":0.7346720793728759,"std_err":0.017206617780390263}},"mean_uncertainty":{"mean":0.5807065052566253,"bootstrap":{"high":0.6263346128096499,"std_err":0.02811703055881779,"low":0.5353959965646231}},"accuracy_at_0.8_answer_fraction":{"bootstrap":{"std_err":0.01989596637260378,"low":0.650065412178161,"high":0.7160686427457098},"mean":0.6875}},"p_false_UNANSWERABLE":{"accuracy_at_0.8_answer_fraction":{"mean":1,"bootstrap":{"high":NaN,"std_err":0,"low":NaN}},"accuracy_at_0.9_answer_fraction":{"mean":1,"bootstrap":{"std_err":0,"low":NaN,"high":NaN}},"accuracy_at_0.95_answer_fraction":{"mean":1,"bootstrap":{"std_err":0,"low":NaN,"high":NaN}},"accuracy_at_1.0_answer_fraction":{"mean":1,"bootstrap":{"high":NaN,"std_err":0,"low":NaN}},"AUROC":{"bootstrap":{"std_err":NaN,"low":NaN,"high":NaN},"mean":NaN},"area_under_thresholded_accuracy":{"mean":0.9473684210526319,"bootstrap":{"high":0.9473684210526319,"std_err":0,"low":0.9473684210526319}},"mean_uncertainty":{"mean":1.8438256462089522,"bootstrap":{"std_err":0.03241364674498563,"low":1.7915703348993073,"high":1.898356065605003}}},"recalibrated_semantic_entropy":{"accuracy_at_0.95_answer_fraction":{"mean":0.6137841352405722,"bootstrap":{"high":0.6444647612241169,"std_err":0.01827571603918295,"low":0.5853599021221928}},"accuracy_at_1.0_answer_fraction":{"mean":0.5925,"bootstrap":{"high":0.62,"std_err":0.017439262493403034,"low":0.56375}},"AUROC":{"mean":0.7370052548471436,"bootstrap":{"high":0.7625717317792321,"std_err":0.015740284606320806,"low":0.7099659041149142}},"area_under_thresholded_accuracy":{"bootstrap":{"std_err":0.016645955810683993,"low":0.654524365712827,"high":0.7102750503157013},"mean":0.6803182640491802},"mean_uncertainty":{"bootstrap":{"std_err":0.024773636530968257,"low":1.0787767598757805,"high":1.1582478361872328},"mean":1.1193511015005284},"accuracy_at_0.8_answer_fraction":{"mean":0.6647398843930635,"bootstrap":{"std_err":0.018492286414513337,"low":0.634665842355403,"high":0.6953132330582006}},"accuracy_at_0.9_answer_fraction":{"bootstrap":{"high":0.6635006784260515,"std_err":0.01704915876460511,"low":0.6070587143353379},"mean":0.633423180592992}},"p_ik_UNANSWERABLE":{"accuracy_at_0.8_answer_fraction":{"bootstrap":{"high":NaN,"std_err":0,"low":NaN},"mean":1},"accuracy_at_0.9_answer_fraction":{"mean":1,"bootstrap":{"std_err":0,"low":NaN,"high":NaN}},"accuracy_at_0.95_answer_fraction":{"bootstrap":{"high":NaN,"std_err":0,"low":NaN},"mean":1},"accuracy_at_1.0_answer_fraction":{"mean":1,"bootstrap":{"low":NaN,"high":NaN,"std_err":0}},"AUROC":{"bootstrap":{"high":NaN,"std_err":NaN,"low":NaN},"mean":NaN},"area_under_thresholded_accuracy":{"bootstrap":{"std_err":0,"low":0.9473684210526319,"high":0.9473684210526319},"mean":0.9473684210526319},"mean_uncertainty":{"mean":0.29190607936904234,"bootstrap":{"high":0.31282786249485517,"std_err":0.013485475413536077,"low":0.26882262171113724}}},"cluster_assignment_entropy_UNANSWERABLE":{"area_under_thresholded_accuracy":{"mean":0.9473684210526319,"bootstrap":{"low":0.9473684210526319,"high":0.9473684210526319,"std_err":0}},"mean_uncertainty":{"mean":0.5807065052566253,"bootstrap":{"std_err":0.025018664602065303,"low":0.5409213330528326,"high":0.625015525032962}},"accuracy_at_0.8_answer_fraction":{"bootstrap":{"low":NaN,"high":NaN,"std_err":0},"mean":1},"accuracy_at_0.9_answer_fraction":{"bootstrap":{"std_err":0,"low":NaN,"high":NaN},"mean":1},"accuracy_at_0.95_answer_fraction":{"mean":1,"bootstrap":{"std_err":0,"low":NaN,"high":NaN}},"accuracy_at_1.0_answer_fraction":{"mean":1,"bootstrap":{"low":NaN,"high":NaN,"std_err":0}},"AUROC":{"mean":NaN,"bootstrap":{"low":NaN,"high":NaN,"std_err":NaN}}},"p_false":{"accuracy_at_0.8_answer_fraction":{"mean":0.6515625,"bootstrap":{"low":0.621875,"high":0.684375,"std_err":0.01953377843137192}},"accuracy_at_0.9_answer_fraction":{"bootstrap":{"low":0.5875,"high":0.6490984743411928,"std_err":0.018528049469327502},"mean":0.6194444444444445},"accuracy_at_0.95_answer_fraction":{"mean":0.6065789473684211,"bootstrap":{"low":0.5776315789473684,"high":0.6369650872183519,"std_err":0.018511172627607767}},"accuracy_at_1.0_answer_fraction":{"bootstrap":{"low":0.56125,"high":0.62,"std_err":0.017906579498590435},"mean":0.5925},"AUROC":{"bootstrap":{"low":0.6549437679230131,"high":0.7191607991318152,"std_err":0.01875686200019368},"mean":0.6893621702777561},"area_under_thresholded_accuracy":{"mean":0.6721002019940706,"bootstrap":{"low":0.6419796215649759,"high":0.70282731425522,"std_err":0.018532362570839553}},"mean_uncertainty":{"bootstrap":{"high":1.9010593217328144,"std_err":0.03288778162595646,"low":1.7931432431698426},"mean":1.8438256462089522}},"p_ik":{"accuracy_at_1.0_answer_fraction":{"mean":0.5925,"bootstrap":{"std_err":0.017323130948701675,"low":0.56375,"high":0.62}},"AUROC":{"mean":0.6543320131500608,"bootstrap":{"high":0.6893756827921625,"std_err":0.02029492754708775,"low":0.6225149172236226}},"area_under_thresholded_accuracy":{"mean":0.6494693763915061,"bootstrap":{"std_err":0.01981376930275955,"low":0.6155831565376738,"high":0.6823938121576884}},"mean_uncertainty":{"mean":0.29190607936904234,"bootstrap":{"high":0.315830999117714,"std_err":0.013853986201903775,"low":0.27040989967299206}},"accuracy_at_0.8_answer_fraction":{"mean":0.6453125,"bootstrap":{"low":0.6109375,"high":0.6728971962616822,"std_err":0.01881205132110583}},"accuracy_at_0.9_answer_fraction":{"mean":0.6236111111111111,"bootstrap":{"low":0.5904299710984694,"high":0.654121071024401,"std_err":0.01865644926082642}},"accuracy_at_0.95_answer_fraction":{"mean":0.6105263157894737,"bootstrap":{"std_err":0.017670690281713294,"low":0.5828947368421052,"high":0.6407894736842106}}},"recalibrated_semantic_entropy_UNANSWERABLE":{"accuracy_at_0.8_answer_fraction":{"mean":1,"bootstrap":{"high":NaN,"std_err":0,"low":NaN}},"accuracy_at_0.9_answer_fraction":{"bootstrap":{"high":NaN,"std_err":0,"low":NaN},"mean":1},