{"_wandb":{"runtime":4311},"_timestamp":1.7386467530992115e+09,"_runtime":4050.493129162,"_step":2,"len_p_true":19,"train_accuracy":0.65,"validation_accuracy":0.6075}