{"len_p_true":19,"uncertainty":{"p_ik_UNANSWERABLE":{"mean_uncertainty":{"bootstrap":{"std_err":0.017054259484219927,"low":0.2342804747633539,"high":0.2911540131081037},"mean":0.26138167054180145},"accuracy_at_0.8_answer_fraction":{"bootstrap":{"low":NaN,"high":NaN,"std_err":0},"mean":1},"accuracy_at_0.9_answer_fraction":{"bootstrap":{"std_err":0,"low":NaN,"high":NaN},"mean":1},"accuracy_at_0.95_answer_fraction":{"mean":1,"bootstrap":{"low":NaN,"high":NaN,"std_err":0}},"accuracy_at_1.0_answer_fraction":{"mean":1,"bootstrap":{"high":NaN,"std_err":0,"low":NaN}},"AUROC":{"bootstrap":{"high":NaN,"std_err":NaN,"low":NaN},"mean":NaN},"area_under_thresholded_accuracy":{"mean":0.9473684210526319,"bootstrap":{"high":0.9473684210526319,"std_err":0,"low":0.9473684210526319}}},"semantic_entropy":{"accuracy_at_0.8_answer_fraction":{"bootstrap":{"high":0.7478685705999223,"std_err":0.02798581796003108,"low":0.65625},"mean":0.7},"accuracy_at_0.9_answer_fraction":{"mean":0.6638888888888889,"bootstrap":{"std_err":0.02523909885802107,"low":0.6177285318559557,"high":0.7027777777777777}},"accuracy_at_0.95_answer_fraction":{"bootstrap":{"std_err":0.02521535283821772,"low":0.5998967378590324,"high":0.6815789473684211},"mean":0.6394736842105263},"accuracy_at_1.0_answer_fraction":{"mean":0.6075,"bootstrap":{"low":0.5675,"high":0.645,"std_err":0.023330228102041637}},"AUROC":{"mean":0.7909360174045241,"bootstrap":{"high":0.8280228682383326,"std_err":0.02365679254300832,"low":0.7492241952390201}},"area_under_thresholded_accuracy":{"mean":0.733749253964952,"bootstrap":{"low":0.692610019310438,"high":0.7726047358023863,"std_err":0.023785845171610767}},"mean_uncertainty":{"mean":0.4120080753667716,"bootstrap":{"low":0.37001161653258186,"high":0.45703523583041156,"std_err":0.026808792229159863}}},"regular_entropy_UNANSWERABLE":{"accuracy_at_0.8_answer_fraction":{"mean":1,"bootstrap":{"std_err":0,"low":NaN,"high":NaN}},"accuracy_at_0.9_answer_fraction":{"mean":1,"bootstrap":{"std_err":0,"low":NaN,"high":NaN}},"accuracy_at_0.95_answer_fraction":{"mean":1,"bootstrap":{"std_err":0,"low":NaN,"high":NaN}},"accuracy_at_1.0_answer_fraction":{"bootstrap":{"low":NaN,"high":NaN,"std_err":0},"mean":1},"AUROC":{"mean":NaN,"bootstrap":{"std_err":NaN,"low":NaN,"high":NaN}},"area_under_thresholded_accuracy":{"mean":0.9473684210526319,"bootstrap":{"std_err":0,"low":0.9473684210526319,"high":0.9473684210526319}},"mean_uncertainty":{"bootstrap":{"high":0.45833036645508163,"std_err":0.02146378026152731,"low":0.38640624634494347},"mean":0.4186042625367545}},"p_false_UNANSWERABLE":{"accuracy_at_0.8_answer_fraction":{"mean":1,"bootstrap":{"low":NaN,"high":NaN,"std_err":0}},"accuracy_at_0.9_answer_fraction":{"mean":1,"bootstrap":{"std_err":0,"low":NaN,"high":NaN}},"accuracy_at_0.95_answer_fraction":{"bootstrap":{"std_err":0,"low":NaN,"high":NaN},"mean":1},"accuracy_at_1.0_answer_fraction":{"mean":1,"bootstrap":{"high":NaN,"std_err":0,"low":NaN}},"AUROC":{"mean":NaN,"bootstrap":{"low":NaN,"high":NaN,"std_err":NaN}},"area_under_thresholded_accuracy":{"bootstrap":{"high":0.9473684210526319,"std_err":0,"low":0.9473684210526319},"mean":0.9473684210526319},"mean_uncertainty":{"mean":1.63949146506744,"bootstrap":{"low":1.569895486768558,"high":1.7235653014611552,"std_err":0.046528996299800375}}},"cluster_assignment_entropy":{"accuracy_at_1.0_answer_fraction":{"bootstrap":{"low":0.5625,"high":0.645,"std_err":0.025192424496304478},"mean":0.6075},"AUROC":{"bootstrap":{"std_err":0.02390548192302356,"low":0.7407079650988773,"high":0.8179023425802846},"mean":0.7828497287096015},"area_under_thresholded_accuracy":{"bootstrap":{"low":0.6870029493124193,"high":0.7628456914048101,"std_err":0.023720486093485527},"mean":0.725909925415843},"mean_uncertainty":{"bootstrap":{"std_err":0.03221832734949367,"low":0.4378915903427085,"high":0.5446448029438183},"mean":0.4908938173259263},"accuracy_at_0.8_answer_fraction":{"mean":0.6978193146417445,"bootstrap":{"std_err":0.027424781796800798,"low":0.6533079294787206,"high":0.7407240135856034}},"accuracy_at_0.9_answer_fraction":{"bootstrap":{"std_err":0.026364015469961925,"low":0.6132596685082873,"high":0.6996170459245332},"mean":0.6574585635359116},"accuracy_at_0.95_answer_fraction":{"bootstrap":{"high":0.6692913385826772,"std_err":0.025591684390233835,"low":0.584808011574094},"mean":0.6328125}},"regular_entropy":{"accuracy_at_0.8_answer_fraction":{"mean":0.684375,"bootstrap":{"low":0.6313452682368378,"high":0.728125,"std_err":0.027981153195123096}},"accuracy_at_0.9_answer_fraction":{"mean":0.6583333333333333,"bootstrap":{"std_err":0.025973946882555138,"low":0.6149584487534626,"high":0.7}},"accuracy_at_0.95_answer_fraction":{"bootstrap":{"std_err":0.026012705822874817,"low":0.5894736842105263,"high":0.67466996494865},"mean":0.631578947368421},"accuracy_at_1.0_answer_fraction":{"mean":0.6075,"bootstrap":{"std_err":0.02459992174580846,"low":0.565,"high":0.645}},"AUROC":{"mean":0.7375691331813058,"bootstrap":{"std_err":0.025513300100612753,"low":0.6975702481345605,"high":0.7787813391782967}},"area_under_thresholded_accuracy":{"bootstrap":{"high":0.7467747627618196,"std_err":0.023939087120233585,"low":0.6698658377241448},"mean":0.7114834910472884},"mean_uncertainty":{"mean":0.4186042625367545,"bootstrap":{"high":0.46154112889145865,"std_err":0.021611310467260187,"low":0.38697074552154886}}},"p_false_fixed_UNANSWERABLE":{"mean_uncertainty":{"bootstrap":{"std_err":0.01668865105390621,"low":0.29009552326718296,"high":0.3430527296514966},"mean":0.3160807332021226},"accuracy_at_0.8_answer_fraction":{"mean":1,"bootstrap":{"high":NaN,"std_err":0,"low":NaN}},"accuracy_at_0.9_answer_fraction":{"bootstrap":{"std_err":0,"low":NaN,"high":NaN},"mean":1},"accuracy_at_0.95_answer_fraction":{"mean":1,"bootstrap":{"high":NaN,"std_err":0,"low":NaN}},"accuracy_at_1.0_answer_fraction":{"mean":1,"bootstrap":{"high":NaN,"std_err":0,"low":NaN}},"AUROC":{"mean":NaN,"bootstrap":{"std_err":NaN,"low":NaN,"high":NaN}},"area_under_thresholded_accuracy":{"bootstrap":{"high":0.9473684210526319,"std_err":0,"low":0.9473684210526319},"mean":0.9473684210526319}},"cluster_assignment_entropy_UNANSWERABLE":{"accuracy_at_0.9_answer_fraction":{"bootstrap":{"std_err":0,"low":NaN,"high":NaN},"mean":1},"accuracy_at_0.95_answer_fraction":{"bootstrap":{"low":NaN,"high":NaN,"std_err":0},"mean":1},"accuracy_at_1.0_answer_fraction":{"mean":1,"bootstrap":{"std_err":0,"low":NaN,"high":NaN}},"AUROC":{"mean":NaN,"bootstrap":{"std_err":NaN,"low":NaN,"high":NaN}},"area_under_thresholded_accuracy":{"mean":0.9473684210526319,"bootstrap":{"high":0.9473684210526319,"std_err":0,"low":0.9473684210526319}},"mean_uncertainty":{"bootstrap":{"low":0.4437700440665743,"high":0.5451298161543706,"std_err":0.031790923717263615},"mean":0.4908938173259263},"accuracy_at_0.8_answer_fraction":{"mean":1,"bootstrap":{"std_err":0,"low":NaN,"high":NaN}}},"p_ik":{"accuracy_at_1.0_answer_fraction":{"mean":0.6075,"bootstrap":{"low":0.5675,"high":0.6475,"std_err":0.024431785769892175}},"AUROC":{"mean":0.6335351629052973,"bootstrap":{"high":0.6773914064742388,"std_err":0.02885523449378937,"low":0.5820386489228406}},"area_under_thresholded_accuracy":{"bootstrap":{"std_err":0.027646785079709236,"low":0.5997877687729557,"high":0.6927905693756679},"mean":0.6536902798734768},"mean_uncertainty":{"mean":0.26138167054180145,"bootstrap":{"high":0.29322805679213243,"std_err":0.0181006493126145,"low":0.23311652633461305}},"accuracy_at_0.8_answer_fraction":{"bootstrap":{"high":0.695091923187753,"std_err":0.026946636378421387,"low":0.60625},"mean":0.65},"accuracy_at_0.9_answer_fraction":{"mean":0.6277777777777778,"bootstrap":{"low":0.5805555555555556,"high":0.6648199445983379,"std_err":0.025954102963094756}},"accuracy_at_0.95_answer_fraction":{"mean":0.6210526315789474,"bootstrap":{"low":0.5837696335078534,"high":0.6628795159189139,"std_err":0.024364803267435033}}},"p_false":{"accuracy_at_1.0_answer_fraction":{"mean":0.6075,"bootstrap":{"high":0.6475,"std_err":0.02391697023486075,