{"auroc_p_ik_eval":0.6354823455233292,"auroc_p_ik_train_test":0.5701818181818182,"acc_p_ik_eval":0.6475,"n_iter":33,"auroc_p_ik_train_train":1,"len_p_true":19,"_step":4,"_wandb":{"runtime":3009},"converged":true,"acc_p_ik_train_train":1,"_timestamp":1.7368889621212459e+09,"_runtime":3009.462098097,"validation_accuracy":0.61,"train_accuracy":0.6575,"acc_p_ik_train_test":0.7,"performance":{"accuracy":{"mean":0.61,"bootstrap":{"std_err":0.02489117002764927,"low":0.5675,"high":0.65}}},"uncertainty":{"semantic_entropy":{"area_under_thresholded_accuracy":{"mean":0.7236562114347378,"bootstrap":{"low":0.6809377444092581,"high":0.7618978434364009,"std_err":0.0242829350515318}},"mean_uncertainty":{"bootstrap":{"std_err":0.028691827150720807,"low":0.3829876116775164,"high":0.4747018421456365},"mean":0.42560647597171},"accuracy_at_0.8_answer_fraction":{"mean":0.703125,"bootstrap":{"low":0.659375,"high":0.746875,"std_err":0.026816877942977605}},"accuracy_at_0.9_answer_fraction":{"bootstrap":{"high":0.6869806094182825,"std_err":0.02539108475204365,"low":0.6027777777777777},"mean":0.65},"accuracy_at_0.95_answer_fraction":{"mean":0.6342105263157894,"bootstrap":{"std_err":0.02460453033206912,"low":0.5948008480842509,"high":0.6745406824146981}},"accuracy_at_1.0_answer_fraction":{"mean":0.61,"bootstrap":{"std_err":0.023254530164532956,"low":0.57,"high":0.6475}},"AUROC":{"bootstrap":{"low":0.7261184623839642,"high":0.8069353963870174,"std_err":0.024516616876847218},"mean":0.7725935266918873}},"p_false":{"accuracy_at_0.9_answer_fraction":{"mean":0.6361111111111111,"bootstrap":{"high":0.6777777777777778,"std_err":0.025551076784445858,"low":0.5948505574895596}},"accuracy_at_0.95_answer_fraction":{"mean":0.6236842105263158,"bootstrap":{"low":0.5863874345549738,"high":0.6666666666666666,"std_err":0.024615091728873793}},"accuracy_at_1.0_answer_fraction":{"bootstrap":{"std_err":0.02394090141390901,"low":0.57,"high":0.65},"mean":0.61},"AUROC":{"bootstrap":{"high":0.7261633063889664,"std_err":0.028052801344859806,"low":0.6355953089783912},"mean":0.6807744850777636},"area_under_thresholded_accuracy":{"mean":0.6857162766999952,"bootstrap":{"low":0.6361254350427556,"high":0.721788045890664,"std_err":0.02546872853866772}},"mean_uncertainty":{"bootstrap":{"std_err":0.0465516893778773,"low":1.5262278280400874,"high":1.683911308209517},"mean":1.595923709315939},"accuracy_at_0.8_answer_fraction":{"bootstrap":{"low":0.6071253614103327,"high":0.6973723524811897,"std_err":0.027600236120387943},"mean":0.65625}},"p_ik":{"accuracy_at_0.9_answer_fraction":{"mean":0.6333333333333333,"bootstrap":{"high":0.677882564602137,"std_err":0.02600695529482926,"low":0.592797783933518}},"accuracy_at_0.95_answer_fraction":{"mean":0.6157894736842106,"bootstrap":{"low":0.5762209319084942,"high":0.6552631578947369,"std_err":0.024602168064811802}},"accuracy_at_1.0_answer_fraction":{"mean":0.61,"bootstrap":{"low":0.57,"high":0.65,"std_err":0.024454596751987186}},"AUROC":{"mean":0.6354823455233292,"bootstrap":{"low":0.586548915101914,"high":0.6812665182463433,"std_err":0.02880137457633635}},"area_under_thresholded_accuracy":{"mean":0.6593658275889421,"bootstrap":{"low":0.6076568812037118,"high":0.6988405580638984,"std_err":0.027592117030446044}},"mean_uncertainty":{"mean":0.2698928300831038,"bootstrap":{"std_err":0.018035482197436555,"low":0.24215163139847193,"high":0.30109274705420325}},"accuracy_at_0.8_answer_fraction":{"bootstrap":{"std_err":0.027228522174375977,"low":0.609375,"high":0.696875},"mean":0.653125}},"recalibrated_semantic_entropy_UNANSWERABLE":{"accuracy_at_1.0_answer_fraction":{"mean":1,"bootstrap":{"high":NaN,"std_err":0,"low":NaN}},"AUROC":{"mean":NaN,"bootstrap":{"low":NaN,"high":NaN,"std_err":NaN}},"area_under_thresholded_accuracy":{"bootstrap":{"low":0.9473684210526319,"high":0.9473684210526319,"std_err":0},"mean":0.9473684210526319},"mean_uncertainty":{"mean":0.4050669365512707,"bootstrap":{"low":0.3540249885610683,"high":0.4528813791491261,"std_err":0.029591985886645796}},"accuracy_at_0.8_answer_fraction":{"mean":1,"bootstrap":{"high":NaN,"std_err":0,"low":NaN}},"accuracy_at_0.9_answer_fraction":{"mean":1,"bootstrap":{"std_err":0,"low":NaN,"high":NaN}},"accuracy_at_0.95_answer_fraction":{"mean":1,"bootstrap":{"std_err":0,"low":NaN,"high":NaN}}},"p_ik_UNANSWERABLE":{"area_under_thresholded_accuracy":{"mean":0.9473684210526319,"bootstrap":{"high":0.9473684210526319,"std_err":0,"low":0.9473684210526319}},"mean_uncertainty":{"mean":0.2698928300831038,"bootstrap":{"low":0.24276165725277993,"high":0.30062743821445037,"std_err":0.017769472793297714}},"accuracy_at_0.8_answer_fraction":{"bootstrap":{"high":NaN,"std_err":0,"low":NaN},"mean":1},"accuracy_at_0.9_answer_fraction":{"mean":1,"bootstrap":{"high":NaN,"std_err":0,"low":NaN}},"accuracy_at_0.95_answer_fraction":{"bootstrap":{"std_err":0,"low":NaN,"high":NaN},"mean":1},"accuracy_at_1.0_answer_fraction":{"bootstrap":{"std_err":0,"low":NaN,"high":NaN},"mean":1},"AUROC":{"bootstrap":{"std_err":NaN,"low":NaN,"high":NaN},"mean":NaN}},"recalibrated_semantic_entropy":{"mean_uncertainty":{"bootstrap":{"low":0.35997480688375527,"high":0.45322484145257796,"std_err":0.02829365565600352},"mean":0.4050669365512707},"accuracy_at_0.8_answer_fraction":{"mean":0.6948640483383686,"bootstrap":{"high":0.7365269461077845,"std_err":0.027427271374968358,"low":0.6496258906687508}},"accuracy_at_0.9_answer_fraction":{"bootstrap":{"std_err":0.028106445324502894,"low":0.5725602087464269,"high":0.6639809847662397},"mean":0.6192893401015228},"accuracy_at_0.95_answer_fraction":{"bootstrap":{"high":0.6548223350253807,"std_err":0.02328363980688743,"low":0.5800063944262522},"mean":0.6192893401015228},"accuracy_at_1.0_answer_fraction":{"mean":0.61,"bootstrap":{"high":0.65,"std_err":0.024454457579253224,"low":0.5697613399853257}},"AUROC":{"bootstrap":{"low":0.6943738961266605,"high":0.7711666249725979,"std_err":0.02340102585766666},"mean":0.7342239386296764},"area_under_thresholded_accuracy":{"mean":0.6923297327302184,"bootstrap":{"high":0.7313469136420966,"std_err":0.02451418123632723,"low":0.6507466239778653}}},"cluster_assignment_entropy_UNANSWERABLE":{"accuracy_at_0.8_answer_fraction":{"mean":1,"bootstrap":{"high":NaN,"std_err":0,"low":NaN}},"accuracy_at_0.9_answer_fraction":{"bootstrap":{"std_err":0,"low":NaN,"high":NaN},"mean":1},"accuracy_at_0.95_answer_fraction":{"mean":1,"bootstrap":{"low":NaN,"high":NaN,"std_err":0}},"accuracy_at_1.0_answer_fraction":{"bootstrap":{"low":NaN,"high":NaN,"std_err":0},"mean":1},"AUROC":{"mean":NaN,"bootstrap":{"std_err":NaN,"low":NaN,"high":NaN}},"area_under_thresholded_accuracy":{"bootstrap":{"high":0.9473684210526319,"std_err":0,"low":0.9473684210526319},"mean":0.9473684210526319},"mean_uncertainty":{"mean":0.49947114353550404,"bootstrap":{"high":0.5570689696446511,"std_err":0.03232351315783254,"low":0.45112685627626375}}},"semantic_entropy_UNANSWERABLE":{"accuracy_at_1.0_answer_fraction":{"mean":1,"bootstrap":{"high":NaN,"std_err":0,"low":NaN}},"AUROC":{"bootstrap":{"std_err":NaN,"low":NaN,"high":NaN},"mean":NaN},"area_under_thresholded_accuracy":{"mean":0.9473684210526319,"bootstrap":{"std_err":0,"low":0.9473684210526319,"high":0.9473684210526319}},"mean_uncertainty":{"bootstrap":{"low":0.3775362745382144,"high":0.47873743399673196,"std_err":0.030700085568408104},"mean":0.42560647597171},"accuracy_at_0.8_answer_fraction":{"bootstrap":{"std_err":0,"low":NaN,"high":NaN},"mean":1},"accuracy_at_0.9_answer_fraction":{"mean":1,"bootstrap":{"low":NaN,"high":NaN,"std_err":0}},"accuracy_at_0.95_answer_fraction":{"mean":1,"bootstrap":{"low":NaN,"high":NaN,"std_err":0}}},"cluster_assignment_entropy":{"accuracy_at_0.95_answer_fraction":{"mean":0.6308900523560209,"bootstrap":{"low":0.5863874345549738,"high":0.6684210526315789,"std_err":0.025379309807428124}},"accuracy_at_1.0_answer_fraction":{"bootstrap":{"high":0.6475,"std_err":0.02518233358775403,"low":0.565},"mean":0.61},"AUROC":{"bootstrap":{"low":0.735969597313752,"high":0.8128398339098698,