{"n_iter":25,"performance":{"accuracy":{"bootstrap":{"low":0.565,"high":0.6475,"std_err":0.025013848016500632},"mean":0.6075}},"_timestamp":1.736986862219966e+09,"len_p_true":19,"uncertainty":{"p_false":{"accuracy_at_0.95_answer_fraction":{"bootstrap":{"std_err":0.0244855254509319,"low":0.5842105263157895,"high":0.6664213928850039},"mean":0.6263157894736842},"accuracy_at_1.0_answer_fraction":{"bootstrap":{"high":0.6475,"std_err":0.023988078871137804,"low":0.5675},"mean":0.6075},"AUROC":{"bootstrap":{"std_err":0.028735450848603458,"low":0.6026661311963155,"high":0.6964805551321287},"mean":0.6499174333569239},"area_under_thresholded_accuracy":{"mean":0.6699755882324311,"bootstrap":{"high":0.7098493999105066,"std_err":0.026525660940701627,"low":0.6247833964774848}},"mean_uncertainty":{"mean":1.6538962601706588,"bootstrap":{"low":1.5816506952613683,"high":1.7372278281137217,"std_err":0.047672635945414585}},"accuracy_at_0.8_answer_fraction":{"mean":0.65,"bootstrap":{"high":0.6963770887066554,"std_err":0.0265114982644702,"low":0.60625}},"accuracy_at_0.9_answer_fraction":{"bootstrap":{"low":0.5916666666666667,"high":0.6777197596248815,"std_err":0.025401032103217983},"mean":0.6361111111111111}},"regular_entropy":{"AUROC":{"bootstrap":{"low":0.6791966413245648,"high":0.7647881055917343,"std_err":0.026229611365218918},"mean":0.7227333490603131},"area_under_thresholded_accuracy":{"bootstrap":{"high":0.7400687024282631,"std_err":0.02454801248239987,"low":0.6609191292420572},"mean":0.7027693409441701},"mean_uncertainty":{"mean":0.426407451343892,"bootstrap":{"high":0.46867462775867397,"std_err":0.022212278175211826,"low":0.39357012062856633}},"accuracy_at_0.8_answer_fraction":{"mean":0.696875,"bootstrap":{"std_err":0.027084237406725067,"low":0.6479750778816199,"high":0.7383177570093458}},"accuracy_at_0.9_answer_fraction":{"mean":0.6555555555555556,"bootstrap":{"high":0.6952908587257618,"std_err":0.02558644183712817,"low":0.6111111111111112}},"accuracy_at_0.95_answer_fraction":{"mean":0.6342105263157894,"bootstrap":{"low":0.5894736842105263,"high":0.6763157894736842,"std_err":0.026096740078746506}},"accuracy_at_1.0_answer_fraction":{"mean":0.6075,"bootstrap":{"std_err":0.024663313296732308,"low":0.5675,"high":0.645}}},"p_ik":{"accuracy_at_1.0_answer_fraction":{"mean":0.6075,"bootstrap":{"high":0.6475,"std_err":0.024450384763129294,"low":0.5675}},"AUROC":{"mean":0.6332468349453487,"bootstrap":{"std_err":0.028667192112570704,"low":0.5821800804804597,"high":0.6776043570352195}},"area_under_thresholded_accuracy":{"mean":0.6533975727027588,"bootstrap":{"low":0.6011011743339391,"high":0.692337078375024,"std_err":0.02783816794383569}},"mean_uncertainty":{"bootstrap":{"std_err":0.018449695237487986,"low":0.24083555602567988,"high":0.30095440588377126},"mean":0.268608367888679},"accuracy_at_0.8_answer_fraction":{"bootstrap":{"high":0.6947040498442367,"std_err":0.027421981504116642,"low":0.603125},"mean":0.65},"accuracy_at_0.9_answer_fraction":{"bootstrap":{"std_err":0.025816225741563517,"low":0.5916666666666667,"high":0.675},"mean":0.6333333333333333},"accuracy_at_0.95_answer_fraction":{"mean":0.6236842105263158,"bootstrap":{"std_err":0.024448562248480313,"low":0.5861693259463248,"high":0.6657903100372691}}},"p_ik_UNANSWERABLE":{"area_under_thresholded_accuracy":{"bootstrap":{"high":0.9473684210526319,"std_err":0,"low":0.9473684210526319},"mean":0.9473684210526319},"mean_uncertainty":{"mean":0.268608367888679,"bootstrap":{"std_err":0.017650626057943552,"low":0.2419563435214865,"high":0.2996791898068186}},"accuracy_at_0.8_answer_fraction":{"bootstrap":{"low":NaN,"high":NaN,"std_err":0},"mean":1},"accuracy_at_0.9_answer_fraction":{"mean":1,"bootstrap":{"low":NaN,"high":NaN,"std_err":0}},"accuracy_at_0.95_answer_fraction":{"bootstrap":{"std_err":0,"low":NaN,"high":NaN},"mean":1},"accuracy_at_1.0_answer_fraction":{"mean":1,"bootstrap":{"high":NaN,"std_err":0,"low":NaN}},"AUROC":{"bootstrap":{"high":NaN,"std_err":NaN,"low":NaN},"mean":NaN}},"p_false_fixed_UNANSWERABLE":{"accuracy_at_0.9_answer_fraction":{"bootstrap":{"high":NaN,"std_err":0,"low":NaN},"mean":1},"accuracy_at_0.95_answer_fraction":{"mean":1,"bootstrap":{"low":NaN,"high":NaN,"std_err":0}},"accuracy_at_1.0_answer_fraction":{"mean":1,"bootstrap":{"high":NaN,"std_err":0,"low":NaN}},"AUROC":{"mean":NaN,"bootstrap":{"std_err":NaN,"low":NaN,"high":NaN}},"area_under_thresholded_accuracy":{"bootstrap":{"high":0.9473684210526319,"std_err":0,"low":0.9473684210526319},"mean":0.9473684210526319},"mean_uncertainty":{"mean":0.32397702947712304,"bootstrap":{"std_err":0.016633693020416975,"low":0.2941136813475594,"high":0.3496647515963951}},"accuracy_at_0.8_answer_fraction":{"mean":1,"bootstrap":{"low":NaN,"high":NaN,"std_err":0}}},"p_false_fixed":{"area_under_thresholded_accuracy":{"mean":0.6699755882324311,"bootstrap":{"low":0.6298088648104041,"high":0.7203630409601671,"std_err":0.026666036750644776}},"mean_uncertainty":{"bootstrap":{"high":0.3530403173599393,"std_err":0.015878236734662054,"low":0.29940246417770133},"mean":0.32397702947712304},"accuracy_at_0.8_answer_fraction":{"bootstrap":{"std_err":0.028172949523197783,"low":0.6025377360189372,"high":0.696875},"mean":0.65},"accuracy_at_0.9_answer_fraction":{"mean":0.6361111111111111,"bootstrap":{"std_err":0.026061215728195357,"low":0.5897737936431233,"high":0.675}},"accuracy_at_0.95_answer_fraction":{"bootstrap":{"std_err":0.025340706073484223,"low":0.580048890504554,"high":0.6657894736842105},"mean":0.6263157894736842},"accuracy_at_1.0_answer_fraction":{"bootstrap":{"low":0.5675,"high":0.6475,"std_err":0.02453669686904175},"mean":0.6075},"AUROC":{"mean":0.6499174333569239,"bootstrap":{"high":0.6970539715595033,"std_err":0.028228027713287657,"low":0.6032530868084064}}},"semantic_entropy":{"accuracy_at_0.8_answer_fraction":{"mean":0.703125,"bootstrap":{"high":0.7482829744741274,"std_err":0.02754109959650163,"low":0.660436137071651}},"accuracy_at_0.9_answer_fraction":{"bootstrap":{"std_err":0.025295167614140128,"low":0.625,"high":0.7063711911357341},"mean":0.6638888888888889},"accuracy_at_0.95_answer_fraction":{"mean":0.6394736842105263,"bootstrap":{"low":0.6002206451447618,"high":0.6824146981627297,"std_err":0.025176539606445388}},"accuracy_at_1.0_answer_fraction":{"mean":0.6075,"bootstrap":{"std_err":0.02357795397534875,"low":0.565,"high":0.645}},"AUROC":{"mean":0.7762837147125895,"bootstrap":{"std_err":0.024246671854357957,"low":0.7324043371437866,"high":0.813331229488134}},"area_under_thresholded_accuracy":{"bootstrap":{"high":0.7635074959637206,"std_err":0.023725268526639687,"low":0.686060607463318},"mean":0.726179032141031},"mean_uncertainty":{"mean":0.41974360229362917,"bootstrap":{"std_err":0.027271956818682414,"low":0.3783551861334767,"high":0.4693201384697953}}},"p_false_UNANSWERABLE":{"AUROC":{"bootstrap":{"std_err":NaN,"low":NaN,"high":NaN},"mean":NaN},"area_under_thresholded_accuracy":{"mean":0.9473684210526319,"bootstrap":{"std_err":0,"low":0.9473684210526319,"high":0.9473684210526319}},"mean_uncertainty":{"bootstrap":{"std_err":0.04978516447624509,"low":1.5795344747482527,"high":1.746450283966085},"mean":1.6538962601706588},"accuracy_at_0.8_answer_fraction":{"mean":1,"bootstrap":{"high":NaN,"std_err":0,"low":NaN}},"accuracy_at_0.9_answer_fraction":{"bootstrap":{"std_err":0,"low":NaN,"high":NaN},"mean":1},"accuracy_at_0.95_answer_fraction":{"mean":1,"bootstrap":{"std_err":0,"low":NaN,"high":NaN}},"accuracy_at_1.0_answer_fraction":{"mean":1,"bootstrap":{"std_err":0,"low":NaN,"high":NaN}}},"semantic_entropy_UNANSWERABLE":{"area_under_thresholded_accuracy":{"bootstrap":{"high":0.9473684210526319,"std_err":0,"low":0.9473684210526319},"mean":0.9473684210526319},"mean_uncertainty":{"mean":0.41974360229362917,"bootstrap":{"low":0.37398138669513464,"high":0.4707925415080094,"std_err":0.029258012342106045}},"accuracy_at_0.8_answer_fraction":{"mean":1,"bootstrap":{"low":NaN,"high":NaN,"std_err":0}},"accuracy_at_0.9_answer_fraction":{"bootstrap":{"high":NaN,"std_err":0,