{"validation_accuracy":0.6075,"n_iter":30,"auroc_p_ik_train_train":1,"_timestamp":1.7371485539633133e+09,"acc_p_ik_train_test":0.6625,"len_p_true":19,"train_accuracy":0.6575,"_wandb":{"runtime":3000},"performance":{"accuracy":{"mean":0.6075,"bootstrap":{"std_err":0.025019596798789023,"low":0.565,"high":0.65}}},"converged":true,"uncertainty":{"p_false":{"AUROC":{"bootstrap":{"high":0.6915562354575797,"std_err":0.029222150856326456,"low":0.5966894570064036},"mean":0.6444129904851773},"area_under_thresholded_accuracy":{"mean":0.6600017821261325,"bootstrap":{"high":0.699772240511778,"std_err":0.027056425065944342,"low":0.6093462817293114}},"mean_uncertainty":{"bootstrap":{"low":1.5082251954333525,"high":1.6611952816960889,"std_err":0.04747476048144723},"mean":1.5742177038664158},"accuracy_at_0.8_answer_fraction":{"bootstrap":{"std_err":0.02617132074124076,"low":0.615625,"high":0.7},"mean":0.659375},"accuracy_at_0.9_answer_fraction":{"mean":0.6333333333333333,"bootstrap":{"std_err":0.025525723711946578,"low":0.5881122141674466,"high":0.6722222222222223}},"accuracy_at_0.95_answer_fraction":{"bootstrap":{"low":0.5842105263157895,"high":0.6662807720503173,"std_err":0.024501230407450784},"mean":0.6236842105263158},"accuracy_at_1.0_answer_fraction":{"mean":0.6075,"bootstrap":{"high":0.645,"std_err":0.02391055118997068,"low":0.5675}}},"p_false_fixed_UNANSWERABLE":{"accuracy_at_0.95_answer_fraction":{"mean":1,"bootstrap":{"low":NaN,"high":NaN,"std_err":0}},"accuracy_at_1.0_answer_fraction":{"mean":1,"bootstrap":{"std_err":0,"low":NaN,"high":NaN}},"AUROC":{"mean":NaN,"bootstrap":{"high":NaN,"std_err":NaN,"low":NaN}},"area_under_thresholded_accuracy":{"mean":0.9473684210526319,"bootstrap":{"std_err":0,"low":0.9473684210526319,"high":0.9473684210526319}},"mean_uncertainty":{"mean":0.2858301694361249,"bootstrap":{"std_err":0.016179331691121655,"low":0.2603254050501516,"high":0.31262464025362885}},"accuracy_at_0.8_answer_fraction":{"bootstrap":{"std_err":0,"low":NaN,"high":NaN},"mean":1},"accuracy_at_0.9_answer_fraction":{"bootstrap":{"high":NaN,"std_err":0,"low":NaN},"mean":1}},"recalibrated_semantic_entropy_UNANSWERABLE":{"accuracy_at_1.0_answer_fraction":{"bootstrap":{"std_err":0,"low":NaN,"high":NaN},"mean":1},"AUROC":{"bootstrap":{"high":NaN,"std_err":NaN,"low":NaN},"mean":NaN},"area_under_thresholded_accuracy":{"mean":0.9473684210526319,"bootstrap":{"low":0.9473684210526319,"high":0.9473684210526319,"std_err":0}},"mean_uncertainty":{"mean":0.4237218058833622,"bootstrap":{"high":0.46806895993508124,"std_err":0.025577179692059616,"low":0.38352874623042454}},"accuracy_at_0.8_answer_fraction":{"mean":1,"bootstrap":{"low":NaN,"high":NaN,"std_err":0}},"accuracy_at_0.9_answer_fraction":{"mean":1,"bootstrap":{"std_err":0,"low":NaN,"high":NaN}},"accuracy_at_0.95_answer_fraction":{"mean":1,"bootstrap":{"low":NaN,"high":NaN,"std_err":0}}},"p_ik_UNANSWERABLE":{"area_under_thresholded_accuracy":{"mean":0.9473684210526319,"bootstrap":{"low":0.9473684210526319,"high":0.9473684210526319,"std_err":0}},"mean_uncertainty":{"bootstrap":{"high":0.29405115469822374,"std_err":0.017715151599125678,"low":0.2361806477114959},"mean":0.26357464958161864},"accuracy_at_0.8_answer_fraction":{"mean":1,"bootstrap":{"high":NaN,"std_err":0,"low":NaN}},"accuracy_at_0.9_answer_fraction":{"mean":1,"bootstrap":{"low":NaN,"high":NaN,"std_err":0}},"accuracy_at_0.95_answer_fraction":{"mean":1,"bootstrap":{"std_err":0,"low":NaN,"high":NaN}},"accuracy_at_1.0_answer_fraction":{"mean":1,"bootstrap":{"std_err":0,"low":NaN,"high":NaN}},"AUROC":{"bootstrap":{"std_err":NaN,"low":NaN,"high":NaN},"mean":NaN}},"semantic_entropy":{"AUROC":{"mean":0.7774239207360227,"bootstrap":{"low":0.731088152960412,"high":0.8137606914762868,"std_err":0.02420472726375996}},"area_under_thresholded_accuracy":{"bootstrap":{"high":0.7598877713030933,"std_err":0.023769804206259078,"low":0.6816202244606295},"mean":0.724393880868561},"mean_uncertainty":{"mean":0.40923073360638684,"bootstrap":{"std_err":0.027169201122426507,"low":0.3666789702939698,"high":0.45590104606043536}},"accuracy_at_0.8_answer_fraction":{"mean":0.703125,"bootstrap":{"std_err":0.02787646649322081,"low":0.659375,"high":0.75}},"accuracy_at_0.9_answer_fraction":{"bootstrap":{"low":0.6063964358267421,"high":0.6944444444444444,"std_err":0.026034910648774622},"mean":0.6527777777777778},"accuracy_at_0.95_answer_fraction":{"bootstrap":{"low":0.5931758530183727,"high":0.6763157894736842,"std_err":0.025444943744336687},"mean":0.6342105263157894},"accuracy_at_1.0_answer_fraction":{"mean":0.6075,"bootstrap":{"std_err":0.02355044794900086,"low":0.5667389755911046,"high":0.645}}},"semantic_entropy_UNANSWERABLE":{"accuracy_at_0.8_answer_fraction":{"mean":1,"bootstrap":{"std_err":0,"low":NaN,"high":NaN}},"accuracy_at_0.9_answer_fraction":{"bootstrap":{"low":NaN,"high":NaN,"std_err":0},"mean":1},"accuracy_at_0.95_answer_fraction":{"mean":1,"bootstrap":{"std_err":0,"low":NaN,"high":NaN}},"accuracy_at_1.0_answer_fraction":{"mean":1,"bootstrap":{"low":NaN,"high":NaN,"std_err":0}},"AUROC":{"mean":NaN,"bootstrap":{"low":NaN,"high":NaN,"std_err":NaN}},"area_under_thresholded_accuracy":{"mean":0.9473684210526319,"bootstrap":{"low":0.9473684210526319,"high":0.9473684210526319,"std_err":0}},"mean_uncertainty":{"mean":0.40923073360638684,"bootstrap":{"low":0.36618747571013066,"high":0.46078925745768484,"std_err":0.02938503788462587}}},"regular_entropy":{"AUROC":{"mean":0.7267961521323163,"bootstrap":{"std_err":0.0252307376820253,"low":0.6845267861021108,"high":0.7680489021789443}},"area_under_thresholded_accuracy":{"bootstrap":{"high":0.7401257606380292,"std_err":0.0245031480648535,"low":0.6605926286429923},"mean":0.7032284360730333},"mean_uncertainty":{"mean":0.4241388148459023,"bootstrap":{"low":0.3919998881383005,"high":0.46608341845334866,"std_err":0.02230384327322725}},"accuracy_at_0.8_answer_fraction":{"bootstrap":{"high":0.7320872274143302,"std_err":0.02687094893057463,"low":0.64375},"mean":0.69375},"accuracy_at_0.9_answer_fraction":{"mean":0.6527777777777778,"bootstrap":{"std_err":0.026351158397063736,"low":0.6094182825484764,"high":0.6944444444444444}},"accuracy_at_0.95_answer_fraction":{"mean":0.6289473684210526,"bootstrap":{"high":0.6724372607534422,"std_err":0.026536020133287826,"low":0.5840884700407837}},"accuracy_at_1.0_answer_fraction":{"mean":0.6075,"bootstrap":{"high":0.645,"std_err":0.024701374489118043,"low":0.565}}},"p_false_UNANSWERABLE":{"accuracy_at_1.0_answer_fraction":{"bootstrap":{"low":NaN,"high":NaN,"std_err":0},"mean":1},"AUROC":{"bootstrap":{"low":NaN,"high":NaN,"std_err":NaN},"mean":NaN},"area_under_thresholded_accuracy":{"mean":0.9473684210526319,"bootstrap":{"high":0.9473684210526319,"std_err":0,"low":0.9473684210526319}},"mean_uncertainty":{"mean":1.5742177038664158,"bootstrap":{"high":1.663351390066963,"std_err":0.046750669690464555,"low":1.5099180431517285}},"accuracy_at_0.8_answer_fraction":{"mean":1,"bootstrap":{"low":NaN,"high":NaN,"std_err":0}},"accuracy_at_0.9_answer_fraction":{"mean":1,"bootstrap":{"std_err":0,"low":NaN,"high":NaN}},"accuracy_at_0.95_answer_fraction":{"mean":1,"bootstrap":{"high":NaN,"std_err":0,"low":NaN}}},"cluster_assignment_entropy_UNANSWERABLE":{"AUROC":{"mean":NaN,"bootstrap":{"std_err":NaN,"low":NaN,"high":NaN}},"area_under_thresholded_accuracy":{"mean":0.9473684210526319,"bootstrap":{"std_err":0,"low":0.9473684210526319,"high":0.9473684210526319}},"mean_uncertainty":{"mean":0.48121663178350377,"bootstrap":{"high":0.5347520617135726,"std_err":0.03159806864652529,"low":0.4307849375426024}},"accuracy_at_0.8_answer_fraction":{"mean":1,"bootstrap":{"std_err":0,"low":NaN,"high":NaN}},"accuracy_at_0.9_answer_fraction":{"mean":1,"bootstrap":{"high":NaN,"std_err":0,"low":NaN}},"accuracy_at_0.95_answer_fraction":{"mean":1,"bootstrap":{"high":NaN,"std_err":0,"low":NaN}},"accuracy_at_1.0_answer_fraction":{"mean":1,"bootstrap":{"high":NaN,"std_err":0,"low":NaN}}},