{"_runtime":3047.726525517,"uncertainty":{"p_false_UNANSWERABLE":{"area_under_thresholded_accuracy":{"bootstrap":{"std_err":0,"low":0.9473684210526319,"high":0.9473684210526319},"mean":0.9473684210526319},"mean_uncertainty":{"mean":1.5668688558939174,"bootstrap":{"std_err":0.049213475427371194,"low":1.492998320510192,"high":1.6589925564076973}},"accuracy_at_0.8_answer_fraction":{"mean":1,"bootstrap":{"high":NaN,"std_err":0,"low":NaN}},"accuracy_at_0.9_answer_fraction":{"bootstrap":{"std_err":0,"low":NaN,"high":NaN},"mean":1},"accuracy_at_0.95_answer_fraction":{"bootstrap":{"std_err":0,"low":NaN,"high":NaN},"mean":1},"accuracy_at_1.0_answer_fraction":{"bootstrap":{"std_err":0,"low":NaN,"high":NaN},"mean":1},"AUROC":{"bootstrap":{"high":NaN,"std_err":NaN,"low":NaN},"mean":NaN}},"p_false":{"mean_uncertainty":{"bootstrap":{"high":1.6603038194955895,"std_err":0.05063297615238405,"low":1.4902154730755797},"mean":1.5668688558939174},"accuracy_at_0.8_answer_fraction":{"mean":0.6625,"bootstrap":{"low":0.625,"high":0.7125,"std_err":0.026510041137134486}},"accuracy_at_0.9_answer_fraction":{"mean":0.6222222222222222,"bootstrap":{"std_err":0.025958810498962044,"low":0.575,"high":0.6620498614958449}},"accuracy_at_0.95_answer_fraction":{"mean":0.6131578947368421,"bootstrap":{"high":0.6531611508578596,"std_err":0.024817852506751597,"low":0.5706806282722513}},"accuracy_at_1.0_answer_fraction":{"mean":0.5975,"bootstrap":{"low":0.5575,"high":0.6375,"std_err":0.023880379315795352}},"AUROC":{"bootstrap":{"std_err":0.026889417543716335,"low":0.6610798363711318,"high":0.7484857719229591},"mean":0.7051378674081967},"area_under_thresholded_accuracy":{"mean":0.6881197414616732,"bootstrap":{"high":0.7258194185492581,"std_err":0.025709241774308226,"low":0.6425667072706126}}},"p_false_fixed":{"accuracy_at_0.95_answer_fraction":{"mean":0.6131578947368421,"bootstrap":{"low":0.5684210526315789,"high":0.6541501140052837,"std_err":0.025565467810504217}},"accuracy_at_1.0_answer_fraction":{"mean":0.5975,"bootstrap":{"std_err":0.024983272557006168,"low":0.5525,"high":0.6375}},"AUROC":{"bootstrap":{"high":0.7487540089674255,"std_err":0.026821020145527136,"low":0.6607453983471228},"mean":0.7051378674081967},"area_under_thresholded_accuracy":{"mean":0.6881197414616732,"bootstrap":{"std_err":0.026142627025098397,"low":0.6481580274682451,"high":0.7348539478929615}},"mean_uncertainty":{"bootstrap":{"std_err":0.015382477625215942,"low":0.24842814892406037,"high":0.2991243624766173},"mean":0.2728683820730208},"accuracy_at_0.8_answer_fraction":{"mean":0.6625,"bootstrap":{"std_err":0.027682297985551538,"low":0.61875,"high":0.7105435651596388}},"accuracy_at_0.9_answer_fraction":{"bootstrap":{"low":0.5694444444444444,"high":0.6565096952908587,"std_err":0.02602415191899555},"mean":0.6222222222222222}},"cluster_assignment_entropy":{"accuracy_at_0.9_answer_fraction":{"bootstrap":{"std_err":0.0264543983568792,"low":0.6066481994459834,"high":0.6925207756232687},"mean":0.6527777777777778},"accuracy_at_0.95_answer_fraction":{"mean":0.6214099216710183,"bootstrap":{"std_err":0.026122048765851127,"low":0.5727567929917274,"high":0.6587926509186351}},"accuracy_at_1.0_answer_fraction":{"mean":0.5975,"bootstrap":{"low":0.5525,"high":0.635,"std_err":0.02519376846999511}},"AUROC":{"bootstrap":{"std_err":0.02277797613289958,"low":0.7475436888898012,"high":0.822388295963001},"mean":0.7876893890173862},"area_under_thresholded_accuracy":{"mean":0.721974974648502,"bootstrap":{"high":0.7593421902861638,"std_err":0.023755602066970163,"low":0.6844153218684853}},"mean_uncertainty":{"mean":0.5107548612597186,"bootstrap":{"high":0.5655352894688481,"std_err":0.03325308311925986,"low":0.4568401061973193}},"accuracy_at_0.8_answer_fraction":{"mean":0.6978193146417445,"bootstrap":{"low":0.6559519004309793,"high":0.7476635514018691,"std_err":0.02824960818632306}}},"semantic_entropy":{"AUROC":{"bootstrap":{"std_err":0.02417700953901515,"low":0.74490442953478,"high":0.8227416035124031},"mean":0.7870526780841498},"area_under_thresholded_accuracy":{"mean":0.7224867613430679,"bootstrap":{"low":0.6780707483144309,"high":0.7555085039089511,"std_err":0.02331744970341283}},"mean_uncertainty":{"mean":0.4230823517962903,"bootstrap":{"std_err":0.028033317613311546,"low":0.37714326537077647,"high":0.4678077916244922}},"accuracy_at_0.8_answer_fraction":{"mean":0.7,"bootstrap":{"std_err":0.028066243563734373,"low":0.659375,"high":0.75}},"accuracy_at_0.9_answer_fraction":{"mean":0.6555555555555556,"bootstrap":{"low":0.6132596685082873,"high":0.6983252833679732,"std_err":0.026275214298975075}},"accuracy_at_0.95_answer_fraction":{"mean":0.6263157894736842,"bootstrap":{"low":0.5853018372703412,"high":0.6692913385826772,"std_err":0.02529764266230901}},"accuracy_at_1.0_answer_fraction":{"bootstrap":{"high":0.635,"std_err":0.023976222789656828,"low":0.555},"mean":0.5975}},"p_ik":{"accuracy_at_0.9_answer_fraction":{"mean":0.6166666666666667,"bootstrap":{"high":0.661379337619371,"std_err":0.026183092139792887,"low":0.5761772853185596}},"accuracy_at_0.95_answer_fraction":{"mean":0.6078947368421053,"bootstrap":{"std_err":0.024862696360272545,"low":0.5684210526315789,"high":0.65}},"accuracy_at_1.0_answer_fraction":{"bootstrap":{"high":0.635,"std_err":0.024376960663938626,"low":0.5575},"mean":0.5975},"AUROC":{"mean":0.6375945320824347,"bootstrap":{"high":0.6807183753013842,"std_err":0.02823908745291279,"low":0.585309416942503}},"area_under_thresholded_accuracy":{"mean":0.6489066647886726,"bootstrap":{"std_err":0.02785512654810861,"low":0.5974046402327741,"high":0.6875674688091628}},"mean_uncertainty":{"mean":0.26080855738939307,"bootstrap":{"high":0.29348184693011464,"std_err":0.017925539717213057,"low":0.23350061695516192}},"accuracy_at_0.8_answer_fraction":{"mean":0.6375,"bootstrap":{"high":0.68125,"std_err":0.0271707224454573,"low":0.5919003115264797}}},"regular_entropy":{"mean_uncertainty":{"bootstrap":{"std_err":0.02247673516067139,"low":0.3991860751514571,"high":0.47280832626700664},"mean":0.4330214257897238},"accuracy_at_0.8_answer_fraction":{"mean":0.69375,"bootstrap":{"std_err":0.027059441577222173,"low":0.64375,"high":0.734375}},"accuracy_at_0.9_answer_fraction":{"bootstrap":{"high":0.7008310249307479,"std_err":0.027074889391983055,"low":0.6111111111111112},"mean":0.6555555555555556},"accuracy_at_0.95_answer_fraction":{"bootstrap":{"low":0.5789473684210527,"high":0.6675392670157068,"std_err":0.026085000631072074},"mean":0.6236842105263158},"accuracy_at_1.0_answer_fraction":{"bootstrap":{"high":0.6375,"std_err":0.025036513750336147,"low":0.555},"mean":0.5975},"AUROC":{"bootstrap":{"low":0.7061627661046916,"high":0.7856847130196394,"std_err":0.024659118487337248},"mean":0.7489539748953975},"area_under_thresholded_accuracy":{"mean":0.7063014914243491,"bootstrap":{"high":0.7402009735335455,"std_err":0.02393279835767825,"low":0.661308984696791}}},"semantic_entropy_UNANSWERABLE":{"AUROC":{"bootstrap":{"std_err":NaN,"low":NaN,"high":NaN},"mean":NaN},"area_under_thresholded_accuracy":{"mean":0.9473684210526319,"bootstrap":{"high":0.9473684210526319,"std_err":0,"low":0.9473684210526319}},"mean_uncertainty":{"mean":0.4230823517962903,"bootstrap":{"high":0.4724240415426891,"std_err":0.02977315478592013,"low":0.3762913323938999}},"accuracy_at_0.8_answer_fraction":{"mean":1,"bootstrap":{"low":NaN,"high":NaN,"std_err":0}},"accuracy_at_0.9_answer_fraction":{"mean":1,"bootstrap":{"std_err":0,"low":NaN,"high":NaN}},"accuracy_at_0.95_answer_fraction":{"mean":1,"bootstrap":{"std_err":0,"low":NaN,"high":NaN}},"accuracy_at_1.0_answer_fraction":{"mean":1,"bootstrap":{"high":NaN,"std_err":0,"low":NaN}}},"cluster_assignment_entropy_UNANSWERABLE":{"area_under_thresholded_accuracy":{"mean":0.9473684210526319,"bootstrap":{"std_err":0,"low":0.9473684210526319,"high":0.9473684210526319}},"mean_uncertainty":{"bootstrap":{"std_err":0.0331689695196392,"low":0.461149331987989,"high":0.569896125255919},"mean":0.5107548612597186},"accuracy_at_0.8_answer_fraction":{"mean":1,