{"train_accuracy":0.655,"validation_accuracy":0.605,"_wandb":{"runtime":2087},"_step":2,"len_p_true":19,"_timestamp":1.7365547451028411e+09,"_runtime":2008.357031979}